<?xml version="1.0" encoding="UTF-8"?>
<!DOCTYPE generatorConfiguration
        PUBLIC "-//mybatis.org//DTD MyBatis Generator Configuration 1.0//EN"
        "http://mybatis.org/dtd/mybatis-generator-config_1_0.dtd">
<generatorConfiguration>
    <!--加载配置文件，为下面读取数据库信息准备-->
    <properties resource="application.properties"/>

    <!--defaultModelType="flat" 大数据字段，不分表 -->
    <context id="Mysql" targetRuntime="MyBatis3Simple" defaultModelType="flat">
        <property name="autoDelimitKeywords" value="true"/>
        <property name="beginningDelimiter" value="`"/>
        <property name="endingDelimiter" value="`"/>
        <property name="javaFileEncoding" value="utf-8"/>
        <plugin type="org.mybatis.generator.plugins.SerializablePlugin"/>

        <plugin type="org.mybatis.generator.plugins.ToStringPlugin"/>

        <!-- 注释 -->
        <commentGenerator>
            <property name="suppressAllComments" value="true"/><!-- 是否取消注释 -->
            <property name="suppressDate" value="true"/> <!-- 是否生成注释代时间戳-->
        </commentGenerator>

        <!--数据库链接地址账号密码，这里是读取application.properties配置文件的。
        如果你的项目配置文件用的是yml格式的，则如下写法是读取不到，需手动填写完整
        -->
        <jdbcConnection driverClass="${spring.datasource.driver-class-name}"
                        connectionURL="${spring.datasource.url}"
                        userId="${spring.datasource.username}"
                        password="${spring.datasource.password}">
        </jdbcConnection>

        <!-- 类型转换 -->
        <javaTypeResolver>
            <!-- 是否使用bigDecimal， false可自动转化以下类型（Long, Integer, Short, etc.） -->
            <property name="forceBigDecimals" value="false"/>
        </javaTypeResolver>

        <!--生成Model类存放位置，即实体类存放路径 -->
        <javaModelGenerator targetPackage="com.example.demo.mybatis.generator.pojo" targetProject="src/main/java">
            <property name="enableSubPackages" value="true"/>
            <property name="trimStrings" value="true"/>
        </javaModelGenerator>

        <!-- 生成mapper.xml文件，mapper.xml存放路径 -->
        <sqlMapGenerator targetPackage="mybatis.mapper" targetProject="src/main/resources">
            <property name="enableSubPackages" value="false"/>
        </sqlMapGenerator>

        <!-- 生成mapper.xml对应得接口，也就是dao层 -->
        <javaClientGenerator targetPackage="com.example.demo.mybatis.generator.mapper" targetProject="src/main/java"
                             type="XMLMAPPER">
            <property name="enableSubPackages" value="false"/>
        </javaClientGenerator>

        <!--以下就是需自动生成mapper.xml文件等表，配置哪些表，就自动生成哪些表那些文件。
            可配置多个<table>标签
        -->
        <table tableName="test1" enableCountByExample="true" enableUpdateByExample="true" enableDeleteByExample="true"
               enableSelectByExample="true" selectByExampleQueryId="true">
            <generatedKey column="id" sqlStatement="Mysql" identity="true"/>
        </table>

        <table tableName="test2" enableCountByExample="true" enableUpdateByExample="true" enableDeleteByExample="true"
               enableSelectByExample="true" selectByExampleQueryId="true">
            <generatedKey column="id" sqlStatement="Mysql" identity="true"/>
        </table>


    </context>
</generatorConfiguration>
